video_id,label
PEyQsMhtTk0,Medium engagement
9Il-gTinvQ8,Medium engagement
Z_Pej0vcPGY,Medium engagement
gi4EM4G6rVA,High engagement
uf4RiwAmXkQ,Medium engagement
AIMtTnrd14o,Low engagement
jFFm6lnZe2Y,High engagement
v40k8_Ughog,High engagement
rTpFgqiU9Hw,Low engagement
lQcn4ngw_Xc,Low engagement
dz0-n9do0uE,Low engagement
hnbNdUxmEoI,Low engagement
Y4ds2Bu9VVY,Medium engagement
O_G0F2rAZXU,Medium engagement
yinMffxoQpQ,Low engagement
ZnaINaKKEIQ,Medium engagement
iBNW8AU1l8c,Low engagement
vE_xf1zkWmY,Medium engagement
R56GRmovG-c,Low engagement
QzzGd5EVtKo,Medium engagement
RBxZDeXdE2A,Medium engagement
QccWP64BStk,High engagement
kmYMnFbA1MA,Medium engagement
snvurj-eefM,Medium engagement
Jtv4LKJFVVA,Low engagement
Gg7cLsx7rQg,Medium engagement
LieCtn-ylkg,Medium engagement
Eiz-ivNJFC8,Low engagement
8X9uaNRd3G0,Low engagement
vRKCspbRpAc,Low engagement
GttvS9oVFhw,Low engagement
Gzr4_wWvtoY,Medium engagement
4Nv9mn22jFA,Low engagement
KKHTT0UATCM,Medium engagement
VXqLy-Pc3tY,Medium engagement
812yTOLbUms,High engagement
pPLl5rzU_yQ,Medium engagement
qh7zip304OE,Low engagement
vi6U6zX5VQU,Low engagement
MjAOhPHNq30,Medium engagement
wPgzWlwfx1s,Medium engagement
GtSe2tgtkXU,Medium engagement
gy3Kz0Unhn4,Low engagement
tSyagj38pl4,High engagement
ggKqwIaVsK0,Medium engagement
ziJ4wfcBUDM,Low engagement
OOOa2ciou40,Medium engagement
fJUFPZ52E8A,Medium engagement
JGXuhw-6Pxc,Low engagement
Gzn3j2LWw3M,High engagement
1Ox_2Rccdxg,Medium engagement
jlfcBSulKSc,High engagement
lfU36-VKb40,Medium engagement
PJ1mauNHNEE,Medium engagement
rDNfxwRPYRE,Medium engagement
tJlib5AsXns,Medium engagement
FvkdgWqYsF8,Medium engagement
t2AJSYm1QnI,Low engagement
TkGl7_GLNDQ,High engagement
9HRI_l-fXZA,High engagement
xZrXaDdYu4E,High engagement
aO3R0aeBoqM,Low engagement
L9Uw6mEusP8,Medium engagement
kAoLxZTeD98,Low engagement
jiIgX8uLVYQ,Medium engagement
SchZk1elJQ0,Medium engagement
gmVqyWK_Ir8,Low engagement
H5VIXfZU7x8,Medium engagement
BT5A_r3IIA0,Medium engagement
H-LJ8PvALV4,Low engagement
MfTNoshIWBM,Low engagement
b9UKPxZhMcI,Low engagement
LaKmJVCvDw0,Low engagement
9arIJf9UuUg,High engagement
wdX8j5UtoOY,Low engagement
dovgObVDtYE,High engagement
8zl0vVPYgwA,Low engagement
qHSJTfQNO_s,High engagement
SsehJPE4ceQ,Low engagement
_sAWjs755KU,Low engagement
6fhumJspzW4,Low engagement
Ng6K3N4yXus,Low engagement
ke5Vj0cXuxE,Low engagement
3ouj0jwhCHE,High engagement
PAmJ8Iqpmmc,Low engagement
Kf0a5PGYvFU,Medium engagement
sVVJ-2CiYfU,Low engagement
vYuxvKxkMgA,High engagement
nrYJquWPFsQ,High engagement
UBePAfWikbs,Medium engagement
ZH1_pWi-pFw,Low engagement
KIqs_XyJMSI,Medium engagement
J0aYHFtflkI,High engagement
1jROm7sefiI,Low engagement
MF5GCq5b8xg,High engagement
PsW0w-GanjA,Medium engagement
151ce6lUCHk,Medium engagement
bM03yCjCo-4,Medium engagement
1vGxXNguy_4,Medium engagement
mU-hPIPPJ9g,Medium engagement
D5YfZd5j69o,Medium engagement
PQZuwTkL6xA,Low engagement
HyaLqkjI-f4,Low engagement
yd3y42Og8kg,Medium engagement
OaoIFyL17LA,Low engagement
mwDo_WmKWDs,Low engagement
4YvYnJMnyKU,High engagement
QjpZQa8Clfg,High engagement
2z_wFsiwf7s,Medium engagement
PJnJfbUuklY,High engagement
4p7VFRWNzDw,Low engagement
7vLnfx2IikQ,Medium engagement
HRlRDkKWc-U,Medium engagement
Cn5qLC68qvA,Medium engagement
VaLa7LHDD6A,Medium engagement
6T8A6j5O9DU,Low engagement
MbCMd0zDnD0,High engagement
QBnypd53N5g,High engagement
szmS1QCoU_g,Medium engagement
vxOxz4R-9jY,Low engagement
QkSlfeDt-M4,Medium engagement
HPXdjTd4bzA,Medium engagement
dVA1xgE1-YA,Low engagement
mddVP-bF4NM,Medium engagement
FDyHPhsIbzk,Medium engagement
7zb_QKKLJZU,Low engagement
NSXawee7Zh0,Medium engagement
n3K2NiCdX_8,Low engagement
kl-64W3j11Q,Medium engagement
Zs0mMGWxN70,Medium engagement
e0O6zbd3EII,Low engagement
TPoZqRp5RSE,Low engagement
ynb2CbMQQfc,Medium engagement
35LB4F9n0nk,Low engagement
ea_iZwyZjJM,Low engagement
DaIiszLPRSU,High engagement
tXRL9knnwhc,High engagement
uKR8WV9VSJo,Medium engagement
iU_uWJchJFg,Low engagement
DdXQH9CHCWU,High engagement
yoskWHz5Gck,Medium engagement
RFmIwLecIaU,Medium engagement
t35htz69mJg,High engagement
5AM-BkZG-uo,Medium engagement
iWHA-JxJWW8,Low engagement
vDLNnTWvZSk,Medium engagement
ESeCZ7cn374,Medium engagement
R37OdAPCScw,Medium engagement
XlEbs69wXOQ,High engagement
Wmz6-bfORnc,Low engagement
AdpnK8Iy0Lo,Low engagement
KxtYBsn5764,Low engagement
W9tsPomNiyM,High engagement
S1LpyoVmIlk,Low engagement
73mRLVg7QT4,Low engagement
AQtYrOcw7zA,Medium engagement
ZiEfPULcLKA,Medium engagement
-2Q7iavjHSI,High engagement
6IF_VMDj6wk,High engagement
4FVZnjXDkvA,Medium engagement
S5mHt7VtNr0,Low engagement
V2fbAo7RP2c,Medium engagement
jEXVbNDDCs0,Medium engagement
42vdAbpnLgE,Medium engagement
xpQI2KmIlyg,Medium engagement
UGoJV0XgDrg,Low engagement
gQmJo9elGGQ,Medium engagement
efd66jzw75k,High engagement
QQzT3SiOxHM,Medium engagement
NnGrQuCeYVU,Medium engagement
3gaRY8xB01I,Low engagement
qRMLNABxCQE,Low engagement
23QpMHRdvkI,High engagement
Ws1pbyZZ8WQ,Low engagement
ux07SQUUNtE,Medium engagement
3pi_RW0KpWk,Low engagement
S1ce8HE9efI,High engagement
n7LC-RI2Szc,Low engagement
quKi84Acx1Q,Medium engagement
D8zwyv1wh5A,Medium engagement
ty68qEVdDxA,Medium engagement
9cEzKiM2FHY,Medium engagement
ZIXl3vbDbZs,Low engagement
RbJJL_510Gg,Low engagement
cmo0TRJbGyI,Low engagement
dHbfa4jU0Fw,Medium engagement
OCF3cc3KIdw,Low engagement
MbQjiJ1hmnE,Medium engagement
V4lOEocDn-s,Medium engagement
KLRIe9ihlyk,Low engagement
6_BGER7qYFM,Low engagement
ctfAKM69oSA,Medium engagement
WGDgxgChCGo,Medium engagement
O36lvzBNCE4,Low engagement
EkqsHhz_kMc,Medium engagement
FnafjRNrGzk,Low engagement
0U3ib4BMwwI,Medium engagement
EVFmvKLWVvg,Medium engagement
AdRqJougpU4,Low engagement
cAzNskg5nkU,High engagement
xLXxJaw4T0Q,Medium engagement
ZcR3aN9TID8,Medium engagement
nBHN1GeAXsY,Low engagement
EMFGnSpE9ns,Medium engagement
Zck05ou4oag,Low engagement
GKTpUGkhvig,High engagement
jxX5SFc6elI,High engagement
xwSCBF6EJX8,Medium engagement
D2GpHVSZIes,Low engagement
09Aykrd9nc8,Medium engagement
Ns4YWt0pFnk,Medium engagement
w5te0PTaZRM,Low engagement
CgdlpmfYgHI,High engagement
L3OZnA2fUwo,Low engagement
9S_Y60CwVsA,Low engagement
EDD1PJRiVHE,Medium engagement
oluGoimdsW4,Medium engagement
6874Y1jVrjk,Low engagement
Fck6Vr7xlHc,Medium engagement
a-vqzR839ZA,High engagement
HFQGqJ4cow4,Medium engagement
CC7KqBMosCM,High engagement
KxV2IsFqA4E,Medium engagement
bV5XX1F6H2Y,Low engagement
PFRK0YyuE8k,Low engagement
ZZbJD7HX7T4,Medium engagement
NVEsTTWiDb0,High engagement
H_ZjoOqv3Ng,Medium engagement
NvlA2Aw8Ia4,Low engagement
7oqEWU6g5hg,Medium engagement
sBF-lavG_7E,High engagement
CyndGlprD-Y,Medium engagement
hIh4coDF1zk,High engagement
XeRY7_ZlSHE,Medium engagement
iSx4vlmHBPQ,Low engagement
98neL-ILFeA,Low engagement
OcUv-Z51ncY,High engagement
PnvkFbIq274,Medium engagement
6YFk-CJNiLQ,Low engagement
fv-hQTCG1-8,Medium engagement
Pikmg7yux5E,High engagement
3KFFcwfPPuE,Medium engagement
GiccPlmJap4,High engagement
MEWZcsqxAcU,High engagement
015DqDkdSmU,Medium engagement
63rD71pZ1RA,Low engagement
Wkb44AeezVo,Low engagement
bHUWrERQnFE,High engagement
ZUCyECcCP9Y,Low engagement
hHoZ49-hmeU,Low engagement
Dmznb4gyonU,Medium engagement
iYKS_GEEaW8,Low engagement
iEXO8Uf4PME,Medium engagement
HDbrPqUGG-k,High engagement
2QkdLx5j9hg,High engagement
KHl62Ocqe28,Medium engagement
tX5_cWh0uVA,Low engagement
_iZBMvwLP4s,Low engagement
Zb9WiAnDnA4,Low engagement
3gQSY0fjq7A,Low engagement
FiYgiSVp46I,High engagement
XRCLklZT2wM,Low engagement
DiSiMr6K5A4,Low engagement
1KCiwqHjUsM,Low engagement
dqQTaJBSpds,Medium engagement
TQi5mkeVtdw,Medium engagement
xHrb64IzBUw,Medium engagement
RA6olBLpz0c,Medium engagement
T2RS5Rrn_gU,Medium engagement
Ex5GbTi4TFo,Medium engagement
IMnx2oDQV18,Medium engagement
D9NfqIVw360,Medium engagement
A8Gwcbn4opQ,Low engagement
ueQALiM5YEk,Low engagement
Pt94WaFgp0M,Low engagement
kBDeIg2GrxE,Low engagement
f0sDLlZ6y7c,Low engagement
6qmA89Wj0Kg,Low engagement
oQuXMhspDUc,Medium engagement
7GDAC7e2vPU,Low engagement
Mopexqesbbs,Medium engagement
gNBYdfFMFVQ,Medium engagement
0cmSHudxBpE,Medium engagement
8NDUwqUBl8U,Medium engagement
hhr13IEyN2g,Low engagement
kd5IQjMFV8o,Low engagement
f4YSUO5d44U,Medium engagement
9um42yjMOmI,Medium engagement
1UhsI4Accuo,High engagement
odIjFgNP794,Low engagement
mxCCX1YlCWI,High engagement
Wjq1J6q2Vqk,Low engagement
ECRzNc4jbfM,Medium engagement
RyVFmzMJFas,Medium engagement
4JtCxboyG5I,Low engagement
QJEM9hfllBc,Low engagement
36d1A67j7JI,Medium engagement
epcVjF54xys,Medium engagement
S9bZNCQXu4M,Medium engagement
dgnr_VUKKRA,Low engagement
SwP3A0n4I0o,High engagement
VtsDG0UhYiE,High engagement
ZaaE5qYM8Nc,Medium engagement
jbOpMiUQnjg,Medium engagement
7DA8PJFUbrg,Medium engagement
uEaTrG5yluI,High engagement
wumn530emEs,High engagement
Lq5mhIcIaDk,Medium engagement
hZBEo1L4UEk,Low engagement
1FIvif3Dbgo,Medium engagement
aVLHyIZ6bbE,Low engagement
kNyv_rfJRrI,Medium engagement
nWGMfIZsBC8,Medium engagement
kl8JkzIm2ew,Medium engagement
aJiSpab8p9U,Medium engagement
jD7mYokDGnc,Medium engagement
leiaAYTKt6k,Low engagement
1Ta79znYOKQ,Low engagement
XTJoL3QkZzA,Low engagement
0y82IesxdYU,High engagement
2mS7N-jo5QY,Medium engagement
CM7CYWJnGvM,Low engagement
qPCfADSS9fs,Low engagement
xERfGbCI-cM,Medium engagement
MvXqHPKSZtw,Medium engagement
jTI27lE3aBU,Medium engagement
msTMLREShN4,Low engagement
qS1Cpy9u3V4,High engagement
nmKP8bVkY1g,High engagement
MzlpxKu4yb0,High engagement
N7WXEjVEMqI,Medium engagement
TOhcCKWC-mU,Medium engagement
I2sbxZubdgk,Low engagement
0B53AsuZHgQ,High engagement
GhraBuIB0Zw,Low engagement
Tf23LvkBvq0,Medium engagement
AX95ZiZ2Qlg,Low engagement
I2JrlOot5NM,Low engagement
CXmlPP4S6cw,Low engagement
Uw1xmlySmT0,High engagement
mb-5Y2DgG8M,Medium engagement
BLbPqanjckk,Low engagement
C9MoJcwkSuE,Low engagement
3a3VW_5WFzI,Medium engagement
PimH6jdzmdE,Medium engagement
wcmk4QYIy2s,Medium engagement
PEc7kuZzmpQ,Low engagement
38IW_P944QY,Medium engagement
d4p7e5Kd2Z0,Low engagement
widJahq4AT4,Low engagement
RXetZBqaerY,Medium engagement
IGTdwLxbQzY,Medium engagement
934Upp7Efw0,Medium engagement
sSz71Xp8sqg,Medium engagement
jYKb6YQ3gjw,Low engagement
lk2kNe-X9lE,Medium engagement
3jVkbllqYYU,Low engagement
4eiX0dmTstA,Medium engagement
vzGhYExgkho,Low engagement
B0vzOAmvVOc,Medium engagement
o9nD5Wcibt0,Medium engagement
Vkvmm9drU6w,High engagement
z7mqLa1m1Ts,High engagement
cSd2sfLr27w,Medium engagement
AQ6Iu5X9Js4,Medium engagement
ab2PaGv5LIs,High engagement
INeipDV2ByM,Medium engagement
W4B1JM5K0l4,High engagement
aWMjrUyysS8,Medium engagement
av9Ztb9H3ak,High engagement
QbLxZQpMwug,High engagement
csgk9-T-634,Low engagement
9nJflkt_RFc,High engagement
pF4gZ9rvBg4,High engagement
XG-6BsSvmlE,Low engagement
WWg7JZhtMYU,Medium engagement
YzSpZ3Ed1so,Low engagement
zijUJlXLKik,Medium engagement
oy4C90c1Fag,Low engagement
Y50XN0EsAhs,Medium engagement
ayCXl1VZUfE,Low engagement
pGpN4zRatys,Medium engagement
eoRkFPY8Gus,Low engagement
3wIhb6tmxhg,Medium engagement
mz7nMBq2T0E,Low engagement
ZnwE-25P5_w,Low engagement
JwqkNPVcjVU,High engagement
Ql_vsqO7OsA,Medium engagement
dMhN-lxb_eg,Low engagement
N9CwNWb6S5s,High engagement
Ti8nOOyf3Y0,Low engagement
d6nmuPaMIIU,Low engagement
kO4b0hRjiqA,Medium engagement
O-_TYYS10M8,High engagement
GUOj23QYFrI,Medium engagement
nxdBWx4ivtg,Medium engagement
hFnay_2OOME,Medium engagement
Mjq-FOHjA20,Medium engagement
JbJRqQX6prM,Medium engagement
WzT9P1wsdnI,Low engagement
-J-4RLg3_rQ,Low engagement
jDarL2XYKfU,Low engagement
ATd0zK5yRxQ,High engagement
ujqy_G44TWY,Low engagement
hN1oxViWwng,Low engagement
UuqYEhJRz4o,Medium engagement
kIXIQW1tdME,Low engagement
xbq-x1HPhvI,Low engagement
hOGSejEZY-Q,High engagement
gSHzAWvQ5dU,Medium engagement
H5NWCMjoOw8,Low engagement
iO9tfxN47NI,Medium engagement
BiT_Sv93Keo,High engagement
TNIZxu6jQJQ,High engagement
A0v9daZ0uXk,Medium engagement
xEKaPpAyKN8,Medium engagement
SOVACIIV35o,Medium engagement
crl_jXZErEg,Medium engagement
8RvpzAIPmiQ,Low engagement
Y-Lt-3991Gk,Low engagement
XDBCSV-xjXg,Low engagement
h-JAeecA2F8,Medium engagement
WoCdiiQjn8k,Low engagement
wnMSJbTD_XY,High engagement
aucP9Im_g1k,Low engagement
GlArOq7UdvQ,Low engagement
bLqE2I13PUY,Low engagement
dKMlWDOCkZA,Low engagement
-1RLAmi8VV4,Low engagement
HtowrZEPKTo,Medium engagement
qILD_SaCN3Q,Medium engagement
B4R-Z9ysNHA,Medium engagement
wE1jFYTKXvY,Low engagement
ayT1CJ15Xoo,Low engagement
ai3W6xnqAsc,Medium engagement
_iJ5fLVgzpU,Low engagement
r41i2SSRozw,Medium engagement
qCZQBTsit_Q,Medium engagement
jcsGRNSlijI,High engagement
HXnPwC-diMc,Low engagement
c_U0xJvUHUw,Medium engagement
KzlKUZVxazs,Low engagement
AN9DL6YPxvQ,Low engagement
DGfhs9r6hUk,High engagement
7dRW92DrCew,Low engagement
fWieB57ky4k,Medium engagement
Kxwi7a3znIY,Medium engagement
DAT0UgWAZSM,Low engagement
obDmRULrOUY,Low engagement
FQSyAO-tbAc,Medium engagement
u4kXf7SqQqk,Medium engagement
Z5GgNUehT8s,Medium engagement
Toz0cG6wQ7M,Medium engagement
3NqeqOqwLVM,High engagement
zb-dxMeT_vM,Low engagement
NQ7775Fh-HA,High engagement
cKFMbtL_u78,Medium engagement
jvus20BoTxw,Low engagement
ena6RaunUMo,Low engagement
-Fe9-4e08Os,Medium engagement
33e15vClypY,Low engagement
YW18HxZ7MIo,Low engagement
tiSuVEAGRVA,Medium engagement
VF2oRlZ85Ao,Medium engagement
hoArtAiEBp8,Medium engagement
E5tTiMkh5z0,Low engagement
rpMaGDRKNQ4,Low engagement
4S-tjg6pWzg,Low engagement
OB_Sb5O-gq4,High engagement
uCHwgYD4u04,Medium engagement
oiGDHJoOtok,Low engagement
lV6uRbvGi1c,Medium engagement
dRsR8cUD-Bw,Low engagement
GZUC00Sa_J8,Medium engagement
PBCwIQtHFVA,High engagement
oxk6Ls3Kl3Q,High engagement
q0do3BToVFg,Medium engagement
mzdltXwueok,Medium engagement
iSrhc-rnBGY,Medium engagement
Qal8yOmK0J8,Medium engagement
NeaGea9YaTo,Low engagement
RArDcHmoZfU,Medium engagement
0nL134RyFsc,Medium engagement
rOD-ZCRmH9g,Medium engagement
QYR9xsB1Izc,Medium engagement
3fukSvoJ3A4,Low engagement
ByQSB20L1UY,Low engagement
GVq_hKeCgss,Medium engagement
q1flssaYJ_I,Low engagement
tqo-_J-zl8Y,High engagement
mF6UjKsgNO8,Low engagement
CLQyeTVBA1s,Low engagement
pMTklCRRZY0,Low engagement
6z6YXYCNzF8,Low engagement
7P2BDOC9GYw,Medium engagement
cnFT-G411dk,Medium engagement
qPbJ33f-biI,High engagement
A2y4xDNd-E4,Medium engagement
PYUIAWNEHh4,Medium engagement
DR2-TDhQ9_Y,Medium engagement
hSXGR1rE7oc,Low engagement
b5ct0WU84nA,Low engagement
KsR4vC0IcVU,Low engagement
Xnc6Nqhjz3Q,High engagement
ZUarPoXCCbE,Medium engagement
itEWQNVgyF0,Medium engagement
jBiMFwEO-sU,Medium engagement
ETx0LjSlypY,Low engagement
G4qRxGO-dDA,Low engagement
_K7oGl9SRcY,Low engagement
HWuE9f0w32I,Medium engagement
79EXBQD61Og,Medium engagement
dN-OI2EhF-k,Medium engagement
uqp7lfbsw1w,Medium engagement
_0Xjioet3JE,Low engagement
xDYV8KfAIpo,Low engagement
i4Qdg9Oruro,Low engagement
KA1Hpj3IxFU,Medium engagement
iXc0CZ2f7FY,High engagement
KY7OZefxGas,Low engagement
ttxx4IQHSFk,Low engagement
l3YvzaTQpag,Low engagement
TS1-ln-cYjY,Medium engagement
9k8zVasOCjo,High engagement
kY91Rf66UlQ,Medium engagement
AhRo4Ph4NOQ,Low engagement
AjzQw-1YOYo,Medium engagement
nEQjdZbFTh8,Medium engagement
x2_MCFEFodU,Low engagement
r-9iBDPc68M,High engagement
mfcB66PZtSU,High engagement
H8b-ulW_-mI,Medium engagement
sF1-Fge_MHQ,High engagement
d6k6ptwnBro,Medium engagement
EvvJbojrgdU,Medium engagement
VrwjASk0OWk,Medium engagement
Rq9xtRabM20,Medium engagement
GTvEKqo9i98,Low engagement
3Dn6gHcMMxw,Low engagement
iPb3gS41mqo,Medium engagement
4mOlYMNg-po,Medium engagement
5AhRBvbyh9Q,Medium engagement
0iPGel-hpOc,Medium engagement
kWc10YeznR0,Low engagement
XsexjHq9XOo,Low engagement
Yf4USFKTWWo,Medium engagement
qcFZisNKiDA,Medium engagement
J_-6nW2AtvU,Low engagement
wlvsc9hLrVI,Low engagement
2BV2FECZh60,Medium engagement
WxRLPmmA8GU,Low engagement
VUplNmhJa6Y,High engagement
NdAYZeNGldQ,Medium engagement
62DUpQSAPO4,Low engagement
cI-LAUVAeBU,Medium engagement
Zg6_a_uuW2I,Low engagement
p53vmOV1OQM,Low engagement
P4KcyDgUfEM,Medium engagement
rqJ_x4lvl4k,High engagement
g4xbCzc_z7w,Low engagement
UQFpa1nkILY,Medium engagement
QUk79xIFyKQ,Medium engagement
1Od4qWEunkI,Medium engagement
1geyVOOoe6M,High engagement
Y5My2GFT1mU,Low engagement
UuGcsX_SXk8,Medium engagement
ZM1WhnWBBLA,Medium engagement
DnWsQTRXakk,High engagement
yocur9JcvHY,Medium engagement
p1gvgeWYDno,Low engagement
Pe-c0uKa0YA,Medium engagement
R8VsIKj_sSk,Medium engagement
jBXFtr7lzPs,Medium engagement
QPaM9X07Nt4,Low engagement
HzXQNGtRHWM,Low engagement
k1mRcHulSP4,Low engagement
1xAqCFI2Qmc,Low engagement
DAl2gcxn1uM,Low engagement
doHN4v5q4Rc,Low engagement
eZfGxGdz9bM,High engagement
Z5B81lb8eNI,Medium engagement
P8xlO7E9jOo,Medium engagement
8CFYpg_i7LI,High engagement
tsr4z6IisC0,Medium engagement
6OmHvs0-5dU,Low engagement
VNaL4L2L0Mg,Low engagement
D9pvb0dAvJM,High engagement
Lm5yrHndjlQ,High engagement
9rTiwOmyXag,Low engagement
NBxa23jz3A0,Low engagement
l-CMde2_6-c,High engagement
aoj2QGexjkA,Low engagement
VKA5v2p6ob0,Low engagement
SP7Fl2xOrEw,Medium engagement
Ig8kDsBq-VI,Low engagement
GYh3uHCgDSs,Low engagement
Gg68pcWYtMI,Medium engagement
zhNKqG8ZrfY,Low engagement
HEWk_x5AgcE,Medium engagement
Zpz68EmNWG0,Low engagement
_HusvAwutHw,Medium engagement
ZPH9NtUfA-g,Medium engagement
9hPSCKKUa0o,Low engagement
TB_LuF_IYBE,Low engagement
34Vv-Oij1NU,Medium engagement
SIBbIn6-5f8,Low engagement
QygecS_d8LI,Medium engagement
qpQR7MDmpus,High engagement
gpnBNUnH4n4,Low engagement
RFTdxs0ePsk,High engagement
B_TfbRhWwxo,Medium engagement
18U3vShqUHc,Medium engagement
yZ1vUU6gWJ8,Low engagement
v8BCnlrHFa8,Low engagement
wmNDvwjQDl4,Medium engagement
8O-gNQHHx6o,Medium engagement
5LO-Tmh2pnE,High engagement
ZrXKypyIHys,Medium engagement
x-Y41rioRfM,Low engagement
tw4c_1nfsd0,Medium engagement
2B6CuT9eehY,Low engagement
61ZIHIis_dc,Medium engagement
EZevAElQ7aA,High engagement
7txU8f9Dl5c,High engagement
P_wvr8vx0Os,High engagement
A8riKk_YJuU,Low engagement
OZXgwlQ2lnc,Low engagement
pVRGvjxAbi8,Low engagement
z2J_pzTfqAU,Low engagement
aZcUyGOR6Mk,Medium engagement
9oWijcum75s,Low engagement
RpKR83KiXAM,Medium engagement
zgQw0pKzUFY,Low engagement
b5Km0nOkuuc,Low engagement
hBIPkn8ZE4Y,Medium engagement
U4XTXc2JjqY,Medium engagement
hOam_EpkHys,Medium engagement
KQsBl2JWAzM,Medium engagement
uYL92Mj0FbQ,Medium engagement
EoBaEzxAH14,High engagement
zHQWosgUpCQ,Low engagement
G2sLvUz0LGI,Low engagement
kJxc6ogfEV8,High engagement
CZTlgqP_C9E,Low engagement
rxxxRbuL8mY,Medium engagement
n6PM0EdY7B8,High engagement
yhdPwvw249U,Medium engagement
N6d7HV_JGqg,Low engagement
6apbzXP6QnE,Low engagement
8j9vSEYtwqI,Medium engagement
ZutuaGoEp6s,Low engagement
BbQ7812KciY,High engagement
W83fMhXjaKU,Low engagement
aZiUvsEFeas,Medium engagement
Oy08yosJNOg,Medium engagement
ue3nWimdO2U,Low engagement
3GkE43rmh7k,Medium engagement
J6dyynzMz1Y,Low engagement
zeD9iat96Rs,Low engagement
sgQFjVMcpqM,Low engagement
5ta7YnZ1K_o,High engagement
a4i1h9OP2f4,Medium engagement
JunzjfdUVx4,High engagement
ZiH3q6iaaLw,Low engagement
MeycyEGhESE,Medium engagement
9MQpVl2CEDM,Medium engagement
qltakSpBBEo,Medium engagement
ZxqUgkddwJM,Medium engagement
ZIt4vdezdJg,Low engagement
_1O-kwdfmuo,Low engagement
TquqCcdXA9M,Medium engagement
pypH8PKHvFU,Medium engagement
pPSNO2KZV2I,Low engagement
dmCJrjY9R8U,Low engagement
9KMFI2m5Bn4,Medium engagement
I6CX7ombT_U,Medium engagement
sVkxvYbVlGk,Low engagement
avPtIERKfKU,Low engagement
_wOpgPGg87Q,Medium engagement
D03o3VidEGU,Medium engagement
lSgKzt_vFQQ,Low engagement
1J27zrsicAQ,Low engagement
ISD-j1YoyPc,Low engagement
8C6b-O83eQk,Medium engagement
Z0DC7R2iAgs,Low engagement
PaCjhZrWN0w,Medium engagement
J7h45l2hGwk,Medium engagement
3-7LWm-FuXk,High engagement
9IXfd8FMlsQ,Low engagement
NQ5nulfXZBw,Low engagement
FDZzZnCGbIU,Medium engagement
lvxfq-xkZy4,Low engagement
wnLhzZIVeuo,Low engagement
EnG-PtMxMUs,Low engagement
QHDZQAIk_WY,Medium engagement
TlgPr1jIVTs,Medium engagement
5-Ghg-usrrc,Low engagement
bvUgjOnkdyI,Low engagement
fwxzKFB2sDM,Medium engagement
WLhhY35XPbc,High engagement
OFxFwMS39vk,Medium engagement
pzqnR-DAAVs,Medium engagement
OTY5N94bpL8,Low engagement
yz2Ea8UFIuk,Low engagement
JtyPzZ1Gokk,Medium engagement
7cdLR7gh4Jo,Medium engagement
Mc3yGkHPVU4,Medium engagement
ahAuzw29Qt0,Medium engagement
DH0OWL3f8f8,Low engagement
Sho6QJR-TGQ,Low engagement
9DUVVvKpaB8,Low engagement
95bUosDBG0A,Low engagement
DS-PZ5MlXOE,Medium engagement
jf1bJ2fxRNc,Low engagement
GlO-m8ZfCPA,Medium engagement
VW7h5arkxuE,Low engagement
Y9ohp3XLY84,Low engagement
xXTcKSxGClQ,High engagement
r_Q4KdVF8u0,Medium engagement
ZNv-P0fNORI,Medium engagement
pw_7gR14VJY,Medium engagement
XSFHeXv7BUE,Low engagement
Ie_8kyccMtg,Low engagement
NKMZH817pto,High engagement
SWKdRHxucvM,Medium engagement
wfe5_skybHA,High engagement
3cIAV3T_sSo,Low engagement
QiYl-PNZ9VA,Medium engagement
z8XDUY7RybQ,Low engagement
8Oi2J4yuCyU,High engagement
ucATovk_6do,Medium engagement
BB8KYyjKIrY,Medium engagement
0A7s9vGfZ7s,Medium engagement
2epNQ1gNPOg,Medium engagement
szIge5xF5BA,Low engagement
yAdHTrYEWyI,Medium engagement
Yj6qzLesf-4,Medium engagement
zECf8L305QA,Low engagement
WL4IHkwtuqc,High engagement
_MXL71Tyb3s,Medium engagement
fR7WKFvSdto,Medium engagement
I1h8PryT2VU,High engagement
2XTeZanOL8w,Medium engagement
orCBEm0De3A,Medium engagement
sX_PV8ikqnk,Medium engagement
Lagk7HE_MSo,Medium engagement
6klZSINxTLE,Medium engagement
gK4PxTgVtSI,Low engagement
fTMATH-g5b4,Medium engagement
J7Yilda4uBc,Medium engagement
g8OQwtetcS4,Medium engagement
7Msamitkkew,Medium engagement
XUd1M-wz9SI,Medium engagement
yDAxRNeb93k,Medium engagement
zAsiGOm45_0,Medium engagement
TcTo6lC62cE,Low engagement
3YT5tgNIDW0,Low engagement
j-fomUJBpRE,Low engagement
ooR3JZvcmN0,Medium engagement
x_16Q4m7dGs,Medium engagement
arKLneqQ_kM,Medium engagement
tbiSA3yndw0,Medium engagement
T5seLFzhVk0,Low engagement
1DBo_hKUoGk,Low engagement
vTvp6fBNVjA,Medium engagement
zP-AhvSWb6I,Low engagement
003xTuVm0hk,Medium engagement
uT6yJWDNk_w,Low engagement
i0xxVIeXju8,Low engagement
D6Xcb6-n_VI,Low engagement
86GrPVnCPMo,Low engagement
p4WZ7FsVX_M,High engagement
xFeWFs9ZjMY,Low engagement
NFsWmDZgCuw,Low engagement
EQowbJFxbhI,Low engagement
zMCd5Nwrjvg,High engagement
stwW8qzpKe0,Medium engagement
shw2Y1rZrJQ,Low engagement
0lJqPcqxMQg,Medium engagement
dPQe8l4tYPI,Low engagement
CxU8gRuQPSE,Medium engagement
R9bXfzm2284,Low engagement
12zx6XV2kbs,Low engagement
BZQ89C4Nr-c,Medium engagement
mp56CDYD15I,Low engagement
WlvTYFyc1XI,Medium engagement
PriYBftVss0,Low engagement
mK-gad8tFvs,Low engagement
ShUppCHnyY0,Medium engagement
ieAAPKlYoFk,Low engagement
bOOZa0y9C2w,Medium engagement
sL5go_aFi_c,Low engagement
LQAs9kJO4OI,Low engagement
AtD7CkTo8r8,High engagement
VfKPhgKr8rs,High engagement
NWQwXKQg0IE,High engagement
KQZwy_-hV8M,High engagement
xl49uyulaZ4,Low engagement
PccPMfpI7yk,Low engagement
dlhGcbDbejA,Low engagement
P5UTlHyU7Ik,High engagement
yWnVtSLjawI,Low engagement
Uc3SPdF5pOE,Medium engagement
zVEk08As58w,Medium engagement
OVUZwjGGxKg,High engagement
ED3l5zosnos,Medium engagement
AdZl45-GtyI,Medium engagement
KM9k9mEQ7bY,Medium engagement
JKHqIsXw8n0,Low engagement
tl4LZu3uIVY,Medium engagement
kWzGneKG8kI,Low engagement
grGoYQZt1MI,Medium engagement
CZPdXSQ1Sno,High engagement
VsN3j5iUbds,Medium engagement
7AzI7fRU9a4,Medium engagement
bVV8fZo9BTQ,High engagement
whe-fonwGWI,Medium engagement
20VbkG08eTc,Medium engagement
60IqndflppM,Low engagement
Z4aUJR43RpA,High engagement
Sk8LtLA-jR0,Medium engagement
HRf64SfgBmE,Low engagement
vig4osC5LIs,Low engagement
ulKEYahyOcw,Medium engagement
l5WJCIoaQNU,Low engagement
CH73cnoE_LU,High engagement
hndAw7raosI,Low engagement
SbjMs5Obdm8,Medium engagement
y7dZtkkvr0s,Medium engagement
rxT_uy91JGY,Low engagement
Dn_ckv0SJ-M,Medium engagement
6jECuJI1Bck,High engagement
9Ai5wNVSOfg,Low engagement
dWOM4Wug-EQ,Medium engagement
nIC4u9o3vnQ,Low engagement
HH08FAjXUzU,Medium engagement
LfOul2pge0Q,Low engagement
9nBW2PotEMA,Medium engagement
rO_DlGXaN4w,Medium engagement
eKPzGCxrftI,Low engagement
Czo3FtdM6_8,High engagement
nWUub9odqUg,Low engagement
2BsUVVvxcy0,Low engagement
fNC8_Kv3HOQ,Medium engagement
ns3hyGA1raU,Low engagement
a2X6h713Uwk,Medium engagement
iFrtYlxlits,Medium engagement
gujZqotG52c,Medium engagement
pA86CIJ4qRE,Medium engagement
HpFHPpQ1aO8,Medium engagement
oBOA4tFmFkA,Low engagement
qgPCvpFZkic,Low engagement
PRJBlVsI-bE,Medium engagement
q6dx9JErQWg,Medium engagement
nyTjxgP7T6w,High engagement
fSvkqCWAuDo,Medium engagement
lRxBiw_MR8I,Medium engagement
xIADpXT381s,Medium engagement
hLB81FqIVQE,Medium engagement
v5_fQoVAubU,Medium engagement
BQk4NmRwdNg,Low engagement
3cKHS4Q1clU,Medium engagement
a7p51yDbnZM,Low engagement
j0Vtc19VWlU,Low engagement
OlrcveukM9g,Medium engagement
Hgb0RlWEXJQ,Medium engagement
JkwdQiEEFU4,Medium engagement
kyI_EIKoCFY,Low engagement
L81dsripXDc,High engagement
c4aW_fYz4sg,Medium engagement
EWsYfnDdeVU,Medium engagement
_x6Ji1sFGuc,Medium engagement
KYk71V-U0KI,High engagement
N39rq0u6Ojg,Medium engagement
NqGpu4u212E,Medium engagement
iWZBkkA92vs,Medium engagement
GSXnhQWvUpA,Low engagement
fUzGNguPR2I,High engagement
bfk6XJwJ7WY,Medium engagement
bzueEOcdVSw,Medium engagement
neE8buwDcio,Medium engagement
_pNvWlaGmWY,Low engagement
XKR4pGct0k0,Low engagement
JybG42FNhMg,Medium engagement
sGx60Xsu-Ps,Medium engagement
7Oa7IN7nTJc,Low engagement
qqO4sVoIYZA,Low engagement
49n9G3T6rqM,Medium engagement
w9KslQbZTH8,Low engagement
kmF-hUKscVc,Low engagement
guxF9Ghk8TY,High engagement
rucfjhWpXws,Medium engagement
6JbpAEijLKs,Medium engagement
rFPmnSfdBiM,Low engagement
7OwgtpPybMQ,Medium engagement
MdMp0sPVG08,Medium engagement
HdFxNdLbyb4,Medium engagement
5XmohDcshm4,High engagement
ahAD9J7wz-M,Low engagement
ixuxRMOI164,High engagement
0ZGJKfYhUQU,Low engagement
FgNQepB3ZPE,Low engagement
3Ok6K80kWb8,Medium engagement
JRRu04exNvw,Low engagement
V-PDo_iUd_w,Medium engagement
ezE48JCBklY,Low engagement
O3BRbUbBafc,Medium engagement
iHEvrdNqMC0,High engagement
t4rE5FxcU20,High engagement
pJcbY3yFg_8,Medium engagement
0Q-KKmIwPTY,Medium engagement
3R5WE4cltq8,Low engagement
CeAZ-XIVYpM,Medium engagement
kJuR1NYMuXU,Low engagement
Bxw8ylB8B9g,Medium engagement
6D2I9TaERZo,Low engagement
rzWmuq9R9p0,Low engagement
67UynYLB31c,Medium engagement
J6dR40Jxe4k,Medium engagement
huWPHUuE7Gw,Low engagement
NumqqFrIPG0,Low engagement
evEFBUchxyw,Low engagement
ka18mOMscfc,Medium engagement
37sUwCPyAd4,Medium engagement
11bnTROE1iM,Medium engagement
5RfloaY-8rE,Medium engagement
R28sC2TsGo8,Medium engagement
jRAVwzkHeEg,High engagement
O6MNQJIkqYw,High engagement
UaebJU5SqOM,Low engagement
TEDzHvHulqs,Medium engagement
DJ43FbhCd8Q,Low engagement
6fLa97nZPis,Medium engagement
RMibd0hjbxI,Medium engagement
XHklz3Pvxzw,Low engagement
AwAMIZclU8s,Low engagement
vTCkpt_Xhw8,Low engagement
zbtmzW2bMEQ,Low engagement
XWW48pWfv8Q,Medium engagement
uQHtydq10tE,Low engagement
ANVUm_RU58U,Medium engagement
Ocvu9whdPXY,Low engagement
loy5NbLUNTA,Low engagement
dyYwQ9tJekw,Low engagement
GkfsmP2St7Y,High engagement
PFzpbf4czqo,Low engagement
w0p9Riw3MxA,Low engagement
DXa07IqOk_k,Low engagement
u4jYIJPzOEY,Medium engagement
C2Y8tNmXY1w,Medium engagement
PJQDRMy1e40,Low engagement
2sV5BteSmjQ,Low engagement
eCCRMHUa_vk,Low engagement
ar6i0gz_IsQ,Medium engagement
MaIQxpa7Vb4,Medium engagement
e3nYz4x5MgM,Medium engagement
3Sju-9lilFc,Medium engagement
3QOqHxoGYxw,Medium engagement
54UdL401Maw,Low engagement
UBwcGI1RQ6Q,High engagement
RDvRu0gEZYA,Low engagement
ljb0pGTlvDo,High engagement
Ke6HMuhpeVA,Low engagement
poUR7z4uQOw,Low engagement
1350K9xCEzA,Medium engagement
aXL-dyJvZC0,Medium engagement
BqI6txgcQsA,Low engagement
DFaDFj3mlYM,Medium engagement
6thtwk-mfkQ,Low engagement
os9bJGmEt_8,Low engagement
Tj56lUd0Epo,High engagement
c0QeBu_N64U,Low engagement
tOSr_GINjyk,High engagement
jdxXTR61pxg,Low engagement
fbySDZUns54,Medium engagement
Ou3DtTyil8c,High engagement
JQTs64aJsoA,High engagement
OA8hWs4eTzE,Medium engagement
LiWuwuAG7gM,Medium engagement
3ZHbj857NGA,Medium engagement
EHXTRRp14wE,Low engagement
7ZJIcUUgVdY,Medium engagement
Oe336eeyB2Y,Medium engagement
eUBUY8sMNyE,Medium engagement
80xlQ-6f52w,Medium engagement
jcyl8rPznM8,Medium engagement
Km_9owhXWJY,Low engagement
RaPTwY3l4rk,Low engagement
j3YlRYwS7-c,High engagement
jomW7vc6ml0,Medium engagement
K4YuhDDAq2A,High engagement
O0FkVc8hSe8,Low engagement
EuoWQcI212c,Medium engagement
GoDKGSPxqlQ,Medium engagement
5MCw50rC_Ro,Low engagement
ZYMVT-H9Y4Y,Medium engagement
ClQMw18psNw,Low engagement
AJsqFiCQ4x0,High engagement
q_KNUMummwo,Medium engagement
LpmC03Uy7UY,High engagement
uyEUJg9wgKM,High engagement
DDvnlqUxy1Q,Medium engagement
dlO-pMj8AgE,Low engagement
3K9uCNdAkHI,Low engagement
k6muqxeaBjw,Low engagement
cFzuGtpVNCM,Low engagement
DitM-eCp5AI,Medium engagement
nGyDdKlmaLI,High engagement
og9x2BAWhTs,Low engagement
lvd1oaP8VN8,Medium engagement
E_M0rjD75C0,High engagement
bhr1XJIf7SM,Medium engagement
AFZyHjm3IFk,Medium engagement
vqujwnI1R8o,Medium engagement
_S9vOO4KtTI,Medium engagement
kFFY8oGieYk,Low engagement
2EO9wp_YyBI,Low engagement
DOHV-i207jQ,Medium engagement
mhuPY8kYnkU,Low engagement
kC2T-LF9hek,Low engagement
f3OKBUOQIxM,High engagement
jC7m4tjEx9g,Medium engagement
vigsqPn_aig,Low engagement
rinD-gwOVUQ,Medium engagement
rZCbRV373FY,Medium engagement
eVCfaD_hmJ8,Low engagement
CvlWzyR1fR0,Low engagement
bCpNfMJZvRU,Low engagement
7fGHynqb7Dc,High engagement
b5tyNhvaZSQ,Medium engagement
hV8roOUD2bE,Medium engagement
aDiGNyvVFyE,Low engagement
8YYtDyTTAlg,Low engagement
35DCBqcq7nY,Low engagement
sHWFw4oOXoE,Medium engagement
Yet2vAsw5h4,Medium engagement
dN-ArztJ-F4,Low engagement
J_rxiImlG1k,High engagement
FP3uLEmYu8I,High engagement
f5e1HPDyHuA,Medium engagement
pPPdNB0_PS0,Medium engagement
qMpNU1upSgE,Low engagement
wlRYoZJ82Lc,Low engagement
nlMnZpiWAB8,Medium engagement
Km1XrjWjREk,Medium engagement
C8RUOjtEAA8,Medium engagement
xX8fzhad1Xk,Low engagement
0Whx-jFLKgE,High engagement
JKXtWyWLn_c,Low engagement
XK_T8r8hHv8,High engagement
oEk3k5UdG08,Medium engagement
CXLmhbqCFp8,Medium engagement
xGeDUhjW6YA,Low engagement
4SXh3h-E8AM,Low engagement
QiphK26fGYk,Low engagement
7JBF_76uRRc,Medium engagement
tgOi_45ejpU,High engagement
goOC-21T168,Medium engagement
K_UTqY_tsWQ,Medium engagement
IarX2IG_l0k,Medium engagement
P9KfQ0iq0Eg,Low engagement
HYotlPDzHCE,Low engagement
wbcAzdAA6D8,Medium engagement
lolCTL7u2vU,Low engagement
VSbabaTFs8E,Medium engagement
dyI8YLp_Z3o,Low engagement
xYALZS6YHck,Medium engagement
A_ZaKu-oBOM,Low engagement
its8LNboFFo,High engagement
mWXHEirZnuA,High engagement
r0DpIaHT5aY,Medium engagement
ixK2bDFxLm4,Medium engagement
aIEjLhpsO0c,High engagement
DKZ4qAFkW6s,Low engagement
1B3sMmum-aE,Low engagement
Uq2M80oNtEc,Medium engagement
GhxY-7QwD_c,Medium engagement
vP5b-wysPvY,Low engagement
tJ2licw7ENE,Medium engagement
R3kjTmxkcCQ,Medium engagement
hHsCYuEXrL0,Medium engagement
Mn1rkSwe1zs,Low engagement
8Owr5DefxQQ,Low engagement
f9tdOix1tLY,Medium engagement
ZsWNzdFCNp4,Low engagement
EFmtK5eyXVE,Low engagement
3mkWgf8RmIw,Medium engagement
1RKjvLCxMnM,Low engagement
ZuldM5JqV68,Medium engagement
mq2uRd2k25E,High engagement
1Hb4RTxyExU,Medium engagement
_0egoguwv3A,Medium engagement
Tg_JMtDi4b0,Medium engagement
MG0eKTvWPpU,Medium engagement
q0pQL-dHOyQ,Low engagement
MndK1KQIdw0,Low engagement
CLQj_fawwDQ,High engagement
TM1RbT1Nc1A,Medium engagement
ybqXlXD5J3I,Low engagement
6LZR8Fbg-P4,Medium engagement
zf1BoJSwVkM,Low engagement
F9ia4VdjuK4,Low engagement
5q5Hzzzd-oY,Medium engagement
nmcoLVY-7Yw,Low engagement
j9G5GBpXg5g,Low engagement
CId9MR62su4,Medium engagement
mz7ZerZHdt4,High engagement
1Cdw6r4aR9s,Medium engagement
GhNaKEf8YdI,Low engagement
hxWfLz6gyog,Medium engagement
lo8xZn0T5P4,Medium engagement
bOsHkd4HUsw,Medium engagement
049V8U3oDN8,Low engagement
0jJX7p6qzMY,High engagement
Ksaoooj2zFo,Medium engagement
9dK3K58xDkg,High engagement
CqhCVrrsV9I,Medium engagement
m6Y6bKFhbIs,Medium engagement
rpiv34osX8I,Low engagement
9tyx3fhpC94,High engagement
4iLuRBpg65U,Low engagement
r026ZaRhLjE,High engagement
PxInJg2w8qs,Medium engagement
td8hxhhCjXw,Medium engagement
fCG-010oPdo,Medium engagement
MoU8bemcE9U,Medium engagement
9V9jobHopeM,Low engagement
iSZo8ervcLQ,Low engagement
tjvDLvosP5Y,Low engagement
IShV5YPI1N8,Medium engagement
_nrel89nT4k,Low engagement
3t92ezL5XSE,Low engagement
P5cGP7Od_Pc,Low engagement
gTZKDPPZF14,Low engagement
wwPVJ7DRfNU,Low engagement
1N6_XLcjuzY,Medium engagement
hwO-Ix6xBoo,Medium engagement
xFZ7trsFs0I,Medium engagement
IK6q6dWaHeU,High engagement
a3FD1IF9fps,Medium engagement
12Krm2HLdKA,Medium engagement
zd1FGnR6c2s,Medium engagement
sckmDbRpl6M,Medium engagement
M2Mrzg_SHq4,High engagement
4ZOFUPYz8oo,Medium engagement
Wm-tMlLhbdA,Medium engagement
5Vl9f4r4GGI,Low engagement
j4Pxja2dX0U,Medium engagement
lFXxs-w845c,Low engagement
Ua0LE0Yn4F0,Medium engagement
J2V6Cz4US5k,Medium engagement
LuDM9keJ6yQ,Medium engagement
4Sio13_Yp9s,Medium engagement
dm3PzWqLSCo,Medium engagement
fOJLMwlKE5w,High engagement
o7Ews1Am44o,Low engagement
7tOeI6fwnaw,Low engagement
TBDxVDyOz7s,High engagement
j3-WIwNQFSs,Medium engagement
ITLmo8gq-sI,Medium engagement
no5uePYisY0,Low engagement
SmdV5kGTgXI,Low engagement
uLV3oggZeu4,Medium engagement
6S2WgeYnhJk,Medium engagement
4e3f1IVcbbE,High engagement
pqOC1Gasu1U,Low engagement
u_5EiMMTF7g,Low engagement
Qxi3-LEorlo,Low engagement
4E7WzIZRMtg,Medium engagement
ovp3WFhO7zU,High engagement
B-fpQY1IURE,Medium engagement
isd_GuuNQZE,High engagement
pofdAMk3Aa8,High engagement
FGnawjqCPmU,High engagement
jdg-Mv927x0,Medium engagement
q3mBwFVVOwc,High engagement
TPXZFSEsCVU,Medium engagement
1Ljtc5Luk4w,Medium engagement
W3s7aVeweBQ,High engagement
TrXPxyqk_4M,Low engagement
6O1PvU-oV8s,Medium engagement
jKJbRwpM5ys,Low engagement
0QEZnPScbvA,High engagement
0F8R_TqslJA,Low engagement
UGxNzrUwweI,Medium engagement
c19UL5VoG48,Medium engagement
sHree0Qt5sc,Low engagement
Jy6Hu5_c-V8,High engagement
F4Zrm9H2lgI,Medium engagement
nwtSnkjk82s,Low engagement
RJgxdec9YvM,Medium engagement
PO8AJ0W4n5A,Medium engagement
WXfxb224y3Y,Low engagement
ChnXp7Hlf1c,Medium engagement
s-XvqrIW2yw,Medium engagement
uOURDNknTWU,Low engagement
rAjvT6_DCgg,Medium engagement
BreY8cW2TIo,High engagement
eXVM1DiifD8,Medium engagement
Gw67rjBwlBY,Medium engagement
rcQsRtIS6A4,High engagement
BlROdQkvtE0,High engagement
IVE67uvGk90,Low engagement
pOndYwhVZxw,Low engagement
fVKfnJS_UEw,Low engagement
gGYrzSWYjLU,High engagement
SYafgbjcf1k,Medium engagement
g5NoqijkNE8,Medium engagement
yXOwtMajodY,Low engagement
25-WLaGWmAg,Low engagement
ngLoivv-lXA,Low engagement
r8tay0Zyzws,High engagement
ZdID2E7IHpQ,Low engagement
vZ8e71SOP2Q,Medium engagement
2paCvFUgrdQ,Medium engagement
PgaAZZY-qrg,Medium engagement
HIY4h5aJKr4,Medium engagement
4oav0-LZFR0,Low engagement
F2Jg7S06IyQ,Low engagement
hjvIhpJwsBg,High engagement
Ghlkjvb_gXU,Medium engagement
5G73Z5l5tw8,Medium engagement
KBsHxxGHxtw,Low engagement
8xcP3HZkg08,Medium engagement
DSh3ohASNY4,Medium engagement
D86TWOMapYk,Low engagement
jp12kcbnk6I,Low engagement
ux0ETHOvPvk,Medium engagement
y81dC9U0-4A,Low engagement
vhtv6N-vy6k,Low engagement
FylHmWVcSSc,High engagement
IfIuwy9XRjs,Medium engagement
gPAmhfwO3Tk,Low engagement
z3FrJtO5s38,Low engagement
QA3ooAPb8Bo,Medium engagement
wEonG5eAb7o,Low engagement
0HDkoO5BWUI,Medium engagement
PCkqfzwaYHA,High engagement
mPsTC79FXa0,Low engagement
hy1Hj9SSh_w,Medium engagement
peOXDGel6AA,Medium engagement
opGvnVYoeW4,Medium engagement
E65Hr0h5Xik,Medium engagement
23Ep0jLKGtE,Medium engagement
d06zhaxA_CE,Medium engagement
FSYuAlDV2lo,Medium engagement
uagUCsMptcQ,High engagement
oEFnFGodh3k,Medium engagement
zVU4muL-rx4,Low engagement
ooLe450fTw0,High engagement
GlW0_ztEgn8,Medium engagement
6462cjHUIX4,Medium engagement
I7NrEhGeHvY,Medium engagement
Vb0IwtHerr4,Medium engagement
nLX_g_ijdNw,Medium engagement
FzmyF1z4Ppg,Medium engagement
K1GOQyOhO_s,Medium engagement
cIPoaAvMi3g,Medium engagement
pXk3zYKPFAo,Medium engagement
AwuYYvZKdc4,High engagement
P_uWWSbQRP8,Medium engagement
RuIVkaGO7TE,Medium engagement
Ba1d7OLubBQ,High engagement
K1rz9YiuIhY,Low engagement
0sXquV-N03c,Medium engagement
7LfGdk2K9uc,Low engagement
f-QCAh5B6fw,Medium engagement
fbGbMXGwl8A,Low engagement
6mCrLo7mEgw,Low engagement
0iEKhIseA0w,Medium engagement
78uMYKzgkyo,High engagement
ylR4yrnk8S4,Medium engagement
ukN6tRg6mUM,Medium engagement
H6fOan0-g7Q,Medium engagement
XfG6H8l479c,High engagement
1o9E6SSOQoQ,Medium engagement
Sry-p9I26HU,Low engagement
WBH7EbdXzc4,Low engagement
PyAJS-XGk0I,Medium engagement
1BRVL3QVfE8,Medium engagement
4KehYoBXlLM,Medium engagement
e7qUyQZYQ_E,Medium engagement
0Fcxgqfck1w,Low engagement
bUhb_yyS4LE,Low engagement
rFqDKlVxH1A,Low engagement
Fokq7yWMOZo,Low engagement
AF2DcgrchEQ,High engagement
PsjvdL4_8Kk,Medium engagement
IbIambZXiGs,Low engagement
kUQDC5Jxj28,High engagement
cs22YxjGvzY,Low engagement
E2Ne2EgWeSI,Medium engagement
KeJDegFQjkw,Low engagement
k0Cu3j12jcs,Medium engagement
BjYfXtGFNG0,Low engagement
trzLim730m0,Medium engagement
6dJBEHP8ESg,High engagement
sgtahTR3nq4,Medium engagement
